memo_group
AKT1,EPHA2,GAB2,IGF1R,IKBKB,KRAS,MAP2K4,MAP3K1,NF1,PTEN,RPS6KB1,
AKT1,EPHA2,GAB2,IKBKB,KRAS,MAP2K4,MAP3K1,MYC,NF1,PTEN,RPS6KB1,
AKT1,EPHA2,ERBB2,IGF1R,IKBKB,KRAS,MAP2K4,MAP3K1,NF1,PAK1,PTEN,
AKT1,EPHA2,IGF1R,IKBKB,KRAS,MAP2K4,MAP3K1,NF1,PAK1,PTEN,RPS6KB1,
AKT1,EPHA2,IKBKB,KRAS,MAP2K4,MAP3K1,MYC,NF1,PAK1,PTEN,RPS6KB1,
AKT1,EPHA2,ERBB2,GAB2,IGF1R,IKBKB,KRAS,MAP2K4,NF1,PTEN,
AKT1,CCND1,EPHA2,ERBB2,IGF1R,KRAS,MAP2K4,NF1,PTEN,
AKT1,CCND1,EPHA2,IGF1R,KRAS,MAP2K4,NF1,PTEN,RPS6KB1,
AKT1,CCND1,EPHA2,ERBB2,KRAS,MAP2K4,MYC,NF1,PTEN,
AKT1,CCND1,EPHA2,KRAS,MAP2K4,MYC,NF1,PTEN,RPS6KB1,
AKT1,ERBB2,IKBKB,KRAS,MAP2K4,MAP3K1,PAK1,PTEN,TP53,
AKT1,KRAS,MAP2K4,MAP3K1,MYC,PAK1,PTEN,RPS6KB1,TP53,
AKT1,IKBKB,KRAS,MAP2K4,MAP3K1,MYC,PAK1,PTEN,TP53,
AKT1,CCND1,KRAS,MAP2K4,MYC,PTEN,RPS6KB1,TP53,
AKT1,CCND1,ERBB2,KRAS,MAP2K4,PTEN,TP53,
AKT1,CCND1,CDKN1B,MCL1,MYC,RPS6KB1,TP53,
AKT1,EPHA2,IGF1R,IKBKB,KRAS,PIK3CA,PTEN,
AKT1,IKBKB,KRAS,PIK3CA,PTEN,TP53,
AKT1,KRAS,MYC,PIK3CA,PTEN,TP53,
AKT1,EPHA2,KRAS,MYC,PIK3CA,PTEN,
CCND1,GATA3,MCL1,MYC,NCOR1,
CCND1,MCL1,MYC,NCOR1,TP53,
AKT1,CDH1,EPHA2,IGF1R,MAP2K4,
AKT1,EPHA2,ERBB2,GAB2,IGF1R,KRAS,MAP2K4,MAP3K1,NF1,PTEN,
AKT1,IKBKB,KRAS,MAP2K4,MAP3K1,PAK1,PTEN,RPS6KB1,TP53,
AKT1,CCND1,MCL1,MYC,NF1,RPS6KB1,
CCND1,CDKN1B,MYC,RUNX1,
CCND1,MCL1,MYC,RUNX1,
AKT1,ERBB2,GAB2,IKBKB,KRAS,MAP2K4,MAP3K1,NF1,PTEN,RPS6KB1,
AKT1,ERBB2,GAB2,IKBKB,KRAS,NF1,PTEN,RPS6KB1,
FOXA1,GATA3
PTEN,GATA3
