TCGA-BH-A18G;Basal;;;;;;;;;
TCGA-A1-A0SK;Basal;;;;;;;;;
TCGA-A1-A0SP;Basal;;;;;;;;;
TCGA-A2-A04P;Basal;;;;;;;;;
TCGA-A2-A04Q;Basal;;;;;;;;;
TCGA-A2-A04T;Basal;;;;;;;;;
TCGA-A2-A04U;Basal;;;;;;;;;
TCGA-A2-A0CM;Basal;;;;;;;;;
TCGA-A2-A0D0;Basal;;;;;;;;;
TCGA-A2-A0D2;Basal;;;;;;;;;
TCGA-A2-A0ST;Basal;;;;;;;;;
TCGA-A2-A0SX;Basal;;;;;;;;;
TCGA-A2-A0T0;Basal;;;;;;;;;
TCGA-A2-A0T2;Basal;;;;;;;;;
TCGA-A2-A0YM;Basal;;;;;;;;;
TCGA-A2-A1G1;Basal;;;;;;;;;
TCGA-A2-A3XT;Basal;;;;;;;;;
TCGA-A2-A3XU;Basal;;;;;;;;;
TCGA-A2-A3XX;Basal;;;;;;;;;
TCGA-A2-A3XY;Basal;;;;;;;;;
TCGA-A2-A3Y0;Basal;;;;;;;;;
TCGA-A2-A4RX;Basal;;;;;;;;;
TCGA-A7-A0CE;Basal;;;;;;;;;
TCGA-A7-A0DA;Basal;;;;;;;;;
TCGA-A7-A13D;Basal;;;;;;;;;
TCGA-A7-A13E;Basal;;;;;;;;;
TCGA-A7-A26I;Basal;;;;;;;;;
TCGA-A7-A4SD;Basal;;;;;;;;;
TCGA-A7-A4SE;Basal;;;;;;;;;
TCGA-A8-A07O;Basal;;;;;;;;;
TCGA-A8-A07R;Basal;;;;;;;;;
TCGA-A8-A07U;Basal;;;;;;;;;
TCGA-A8-A08R;Basal;;;;;;;;;
TCGA-AC-A2BK;Basal;;;;;;;;;
TCGA-AN-A04D;Basal;;;;;;;;;
TCGA-AN-A0AL;Basal;;;;;;;;;
TCGA-AN-A0AT;Basal;;;;;;;;;
TCGA-AN-A0FJ;Basal;;;;;;;;;
TCGA-AN-A0FX;Basal;;;;;;;;;
TCGA-AN-A0XU;Basal;;;;;;;;;
TCGA-AO-A1KR;Basal;;;;;;;;;
TCGA-AQ-A04J;Basal;;;;;;;;;
TCGA-AQ-A54N;Basal;;;;;;;;;
TCGA-AR-A0TS;Basal;;;;;;;;;
TCGA-AR-A1AH;Basal;;;;;;;;;
TCGA-AR-A1AJ;Basal;;;;;;;;;
TCGA-AR-A1AQ;Basal;;;;;;;;;
TCGA-AR-A1AY;Basal;;;;;;;;;
TCGA-AR-A24Q;Basal;;;;;;;;;
TCGA-B6-A0I2;Basal;;;;;;;;;
TCGA-B6-A0IJ;Basal;;;;;;;;;
TCGA-B6-A0IQ;Basal;;;;;;;;;
TCGA-B6-A0RE;Basal;;;;;;;;;
TCGA-B6-A0RU;Basal;;;;;;;;;
TCGA-B6-A1KF;Basal;;;;;;;;;
TCGA-BH-A0AV;Basal;;;;;;;;;
TCGA-BH-A0B3;Basal;;;;;;;;;
TCGA-BH-A0B9;Basal;;;;;;;;;
TCGA-BH-A0BG;Basal;;;;;;;;;
TCGA-BH-A0BL;Basal;;;;;;;;;
TCGA-BH-A0BW;Basal;;;;;;;;;
TCGA-BH-A0DL;Basal;;;;;;;;;
TCGA-BH-A0E0;Basal;;;;;;;;;
TCGA-BH-A0E6;Basal;;;;;;;;;
TCGA-BH-A18Q;Basal;;;;;;;;;
TCGA-BH-A18T;Basal;;;;;;;;;
TCGA-BH-A18V;Basal;;;;;;;;;
TCGA-BH-A1F0;Basal;;;;;;;;;
TCGA-BH-A1F6;Basal;;;;;;;;;
TCGA-C8-A12K;Basal;;;;;;;;;
TCGA-C8-A12V;Basal;;;;;;;;;
TCGA-C8-A131;Basal;;;;;;;;;
TCGA-C8-A134;Basal;;;;;;;;;
TCGA-C8-A1HJ;Basal;;;;;;;;;
TCGA-C8-A27B;Basal;;;;;;;;;
TCGA-D8-A142;Basal;;;;;;;;;
TCGA-D8-A147;Basal;;;;;;;;;
TCGA-D8-A1JK;Basal;;;;;;;;;
TCGA-D8-A1JL;Basal;;;;;;;;;
TCGA-D8-A1XK;Basal;;;;;;;;;
TCGA-D8-A1XQ;Basal;;;;;;;;;
TCGA-D8-A27F;Basal;;;;;;;;;
TCGA-D8-A27H;Basal;;;;;;;;;
TCGA-D8-A27M;Basal;;;;;;;;;
TCGA-E2-A14N;Basal;;;;;;;;;
TCGA-E2-A14R;Basal;;;;;;;;;
TCGA-E2-A14X;Basal;;;;;;;;;
TCGA-E2-A14Y;Basal;;;;;;;;;
TCGA-E2-A158;Basal;;;;;;;;;
TCGA-E2-A159;Basal;;;;;;;;;
TCGA-E2-A1AZ;Basal;;;;;;;;;
TCGA-E2-A1B6;Basal;;;;;;;;;
TCGA-E2-A1II;Basal;;;;;;;;;
TCGA-E2-A1LH;Basal;;;;;;;;;
TCGA-E2-A1LI;Basal;;;;;;;;;
TCGA-E2-A1LK;Basal;;;;;;;;;
TCGA-E2-A573;Basal;;;;;;;;;
TCGA-E2-A574;Basal;;;;;;;;;
TCGA-E9-A1N8;Basal;;;;;;;;;
TCGA-E9-A1N9;Basal;;;;;;;;;
TCGA-E9-A1ND;Basal;;;;;;;;;
TCGA-E9-A22G;Basal;;;;;;;;;
TCGA-E9-A243;Basal;;;;;;;;;
TCGA-E9-A244;Basal;;;;;;;;;
TCGA-E9-A3QA;Basal;;;;;;;;;
TCGA-EW-A1P8;Basal;;;;;;;;;
TCGA-EW-A1PB;Basal;;;;;;;;;
TCGA-EW-A1PH;Basal;;;;;;;;;
TCGA-GM-A2DF;Basal;;;;;;;;;
TCGA-GM-A3XL;Basal;;;;;;;;;
TCGA-LL-A5YP;Basal;;;;;;;;;
TCGA-OL-A66I;Basal;;;;;;;;;
TCGA-A7-A26G;Basal;;;;;;;;;
TCGA-HN-A2NL;Basal;;;;;;;;;
TCGA-A2-A25F;Basal;;;;;;;;;
TCGA-AR-A1AR;Basal;;;;;;;;;
TCGA-B6-A0RT;Basal;;;;;;;;;
TCGA-B6-A0WX;Basal;;;;;;;;;
TCGA-EW-A3U0;Basal;;;;;;;;;
TCGA-A2-A3XS;Basal;;;;;;;;;
TCGA-A7-A26F;Basal;;;;;;;;;
TCGA-A7-A5ZV;Basal;;;;;;;;;
TCGA-AC-A2QH;Basal;;;;;;;;;
TCGA-AC-A2QJ;Basal;;;;;;;;;
TCGA-AN-A0FL;Basal;;;;;;;;;
TCGA-AO-A128;Basal;;;;;;;;;
TCGA-AR-A1AI;Basal;;;;;;;;;
TCGA-BH-A0RX;Basal;;;;;;;;;
TCGA-BH-A0WA;Basal;;;;;;;;;
TCGA-BH-A1FC;Basal;;;;;;;;;
TCGA-D8-A143;Basal;;;;;;;;;
TCGA-E2-A150;Basal;;;;;;;;;
TCGA-E2-A1LG;Basal;;;;;;;;;
TCGA-E2-A1LL;Basal;;;;;;;;;
TCGA-EW-A1P4;Basal;;;;;;;;;
TCGA-GI-A2C9;Basal;;;;;;;;;
TCGA-A2-A04X;Her2;;;;;;;;;
TCGA-A2-A0EQ;Her2;;;;;;;;;
TCGA-A2-A0T1;Her2;;;;;;;;;
TCGA-A2-A3XV;Her2;;;;;;;;;
TCGA-A2-A3XZ;Her2;;;;;;;;;
TCGA-A7-A4SF;Her2;;;;;;;;;
TCGA-A8-A07I;Her2;;;;;;;;;
TCGA-A8-A08B;Her2;;;;;;;;;
TCGA-A8-A08J;Her2;;;;;;;;;
TCGA-A8-A08L;Her2;;;;;;;;;
TCGA-A8-A08X;Her2;;;;;;;;;
TCGA-A8-A094;Her2;;;;;;;;;
TCGA-AC-A23H;Her2;;;;;;;;;
TCGA-AN-A0FV;Her2;;;;;;;;;
TCGA-B6-A0I9;Her2;;;;;;;;;
TCGA-B6-A0IK;Her2;;;;;;;;;
TCGA-B6-A0RH;Her2;;;;;;;;;
TCGA-BH-A0B7;Her2;;;;;;;;;
TCGA-BH-A18R;Her2;;;;;;;;;
TCGA-BH-A1EV;Her2;;;;;;;;;
TCGA-BH-A203;Her2;;;;;;;;;
TCGA-C8-A12L;Her2;;;;;;;;;
TCGA-C8-A12P;Her2;;;;;;;;;
TCGA-C8-A12Q;Her2;;;;;;;;;
TCGA-C8-A12T;Her2;;;;;;;;;
TCGA-C8-A135;Her2;;;;;;;;;
TCGA-C8-A138;Her2;;;;;;;;;
TCGA-C8-A1HF;Her2;;;;;;;;;
TCGA-C8-A1HK;Her2;;;;;;;;;
TCGA-C8-A26X;Her2;;;;;;;;;
TCGA-C8-A26Y;Her2;;;;;;;;;
TCGA-C8-A275;Her2;;;;;;;;;
TCGA-C8-A278;Her2;;;;;;;;;
TCGA-D8-A13Z;Her2;;;;;;;;;
TCGA-D8-A1JA;Her2;;;;;;;;;
TCGA-D8-A1JF;Her2;;;;;;;;;
TCGA-D8-A1JG;Her2;;;;;;;;;
TCGA-D8-A1XJ;Her2;;;;;;;;;
TCGA-D8-A1XT;Her2;;;;;;;;;
TCGA-E2-A14P;Her2;;;;;;;;;
TCGA-E2-A14V;Her2;;;;;;;;;
TCGA-E2-A152;Her2;;;;;;;;;
TCGA-E2-A1B0;Her2;;;;;;;;;
TCGA-E2-A1LB;Her2;;;;;;;;;
TCGA-E2-A1LE;Her2;;;;;;;;;
TCGA-E9-A1RH;Her2;;;;;;;;;
TCGA-E9-A248;Her2;;;;;;;;;
TCGA-EW-A1OV;Her2;;;;;;;;;
TCGA-EW-A2FR;Her2;;;;;;;;;
TCGA-GM-A2DB;Her2;;;;;;;;;
TCGA-GM-A2DH;Her2;;;;;;;;;
TCGA-JL-A3YW;Her2;;;;;;;;;
TCGA-LL-A5YO;Her2;;;;;;;;;
TCGA-A8-A09X;Her2;;;;;;;;;
TCGA-A8-A0A7;Her2;;;;;;;;;
TCGA-A8-A09G;Her2;;;;;;;;;
TCGA-BH-A0AW;Her2;;;;;;;;;
TCGA-BH-A18P;Her2;;;;;;;;;
TCGA-C8-A137;Her2;;;;;;;;;
TCGA-A2-A04W;Her2;;;;;;;;;
TCGA-AC-A3W5;Her2;;;;;;;;;
TCGA-AR-A0TX;Her2;;;;;;;;;
TCGA-BH-A0EE;Her2;;;;;;;;;
TCGA-BH-A1EN;Her2;;;;;;;;;
TCGA-C8-A12Z;Her2;;;;;;;;;
TCGA-B6-A0IG;LumA;;;;;;;;;
TCGA-BH-A0HQ;LumA;;;;;;;;;
TCGA-A8-A09K;LumA;;;;;;;;;
TCGA-A1-A0SD;LumA;;;;;;;;;
TCGA-A1-A0SF;LumA;;;;;;;;;
TCGA-A1-A0SJ;LumA;;;;;;;;;
TCGA-A1-A0SM;LumA;;;;;;;;;
TCGA-A1-A0SQ;LumA;;;;;;;;;
TCGA-A2-A04V;LumA;;;;;;;;;
TCGA-A2-A0CP;LumA;;;;;;;;;
TCGA-A2-A0CQ;LumA;;;;;;;;;
TCGA-A2-A0CS;LumA;;;;;;;;;
TCGA-A2-A0CU;LumA;;;;;;;;;
TCGA-A2-A0CV;LumA;;;;;;;;;
TCGA-A2-A0D3;LumA;;;;;;;;;
TCGA-A2-A0EO;LumA;;;;;;;;;
TCGA-A2-A0ET;LumA;;;;;;;;;
TCGA-A2-A0EU;LumA;;;;;;;;;
TCGA-A2-A0EV;LumA;;;;;;;;;
TCGA-A2-A0SU;LumA;;;;;;;;;
TCGA-A2-A0T5;LumA;;;;;;;;;
TCGA-A2-A0T7;LumA;;;;;;;;;
TCGA-A2-A0YC;LumA;;;;;;;;;
TCGA-A2-A0YF;LumA;;;;;;;;;
TCGA-A2-A1FZ;LumA;;;;;;;;;
TCGA-A2-A1G0;LumA;;;;;;;;;
TCGA-A2-A259;LumA;;;;;;;;;
TCGA-A7-A0CD;LumA;;;;;;;;;
TCGA-A7-A0CH;LumA;;;;;;;;;
TCGA-A7-A0D9;LumA;;;;;;;;;
TCGA-A7-A0DB;LumA;;;;;;;;;
TCGA-A7-A13G;LumA;;;;;;;;;
TCGA-A7-A26J;LumA;;;;;;;;;
TCGA-A8-A06T;LumA;;;;;;;;;
TCGA-A8-A06U;LumA;;;;;;;;;
TCGA-A8-A06Y;LumA;;;;;;;;;
TCGA-A8-A07P;LumA;;;;;;;;;
TCGA-A8-A086;LumA;;;;;;;;;
TCGA-A8-A08O;LumA;;;;;;;;;
TCGA-A8-A08T;LumA;;;;;;;;;
TCGA-A8-A091;LumA;;;;;;;;;
TCGA-A8-A093;LumA;;;;;;;;;
TCGA-A8-A09A;LumA;;;;;;;;;
TCGA-A8-A09B;LumA;;;;;;;;;
TCGA-A8-A09D;LumA;;;;;;;;;
TCGA-A8-A0A9;LumA;;;;;;;;;
TCGA-AC-A23C;LumA;;;;;;;;;
TCGA-AC-A3TM;LumA;;;;;;;;;
TCGA-AN-A0AS;LumA;;;;;;;;;
TCGA-AN-A0FK;LumA;;;;;;;;;
TCGA-AN-A0FZ;LumA;;;;;;;;;
TCGA-AQ-A04L;LumA;;;;;;;;;
TCGA-AQ-A1H2;LumA;;;;;;;;;
TCGA-AQ-A1H3;LumA;;;;;;;;;
TCGA-AR-A0U3;LumA;;;;;;;;;
TCGA-AR-A1AN;LumA;;;;;;;;;
TCGA-AR-A1AS;LumA;;;;;;;;;
TCGA-AR-A1AU;LumA;;;;;;;;;
TCGA-AR-A1AV;LumA;;;;;;;;;
TCGA-AR-A1AX;LumA;;;;;;;;;
TCGA-AR-A24L;LumA;;;;;;;;;
TCGA-AR-A24M;LumA;;;;;;;;;
TCGA-AR-A24P;LumA;;;;;;;;;
TCGA-B6-A0I5;LumA;;;;;;;;;
TCGA-B6-A0IA;LumA;;;;;;;;;
TCGA-B6-A0IM;LumA;;;;;;;;;
TCGA-B6-A0IO;LumA;;;;;;;;;
TCGA-B6-A0RG;LumA;;;;;;;;;
TCGA-B6-A0RI;LumA;;;;;;;;;
TCGA-B6-A0RO;LumA;;;;;;;;;
TCGA-B6-A0WS;LumA;;;;;;;;;
TCGA-B6-A0WT;LumA;;;;;;;;;
TCGA-B6-A0WY;LumA;;;;;;;;;
TCGA-B6-A0WZ;LumA;;;;;;;;;
TCGA-B6-A0X4;LumA;;;;;;;;;
TCGA-B6-A1KI;LumA;;;;;;;;;
TCGA-BH-A0AY;LumA;;;;;;;;;
TCGA-BH-A0AZ;LumA;;;;;;;;;
TCGA-BH-A0B6;LumA;;;;;;;;;
TCGA-BH-A0BJ;LumA;;;;;;;;;
TCGA-BH-A0BP;LumA;;;;;;;;;
TCGA-BH-A0BQ;LumA;;;;;;;;;
TCGA-BH-A0BR;LumA;;;;;;;;;
TCGA-BH-A0BS;LumA;;;;;;;;;
TCGA-BH-A0BV;LumA;;;;;;;;;
TCGA-BH-A0DG;LumA;;;;;;;;;
TCGA-BH-A0DK;LumA;;;;;;;;;
TCGA-BH-A0DO;LumA;;;;;;;;;
TCGA-BH-A0DQ;LumA;;;;;;;;;
TCGA-BH-A0DS;LumA;;;;;;;;;
TCGA-BH-A0DT;LumA;;;;;;;;;
TCGA-BH-A0DX;LumA;;;;;;;;;
TCGA-BH-A0DZ;LumA;;;;;;;;;
TCGA-BH-A0E1;LumA;;;;;;;;;
TCGA-BH-A0E2;LumA;;;;;;;;;
TCGA-BH-A0EA;LumA;;;;;;;;;
TCGA-BH-A0EI;LumA;;;;;;;;;
TCGA-BH-A0GY;LumA;;;;;;;;;
TCGA-BH-A0GZ;LumA;;;;;;;;;
TCGA-BH-A0H3;LumA;;;;;;;;;
TCGA-BH-A0H7;LumA;;;;;;;;;
TCGA-BH-A0H9;LumA;;;;;;;;;
TCGA-BH-A0HA;LumA;;;;;;;;;
TCGA-BH-A0HB;LumA;;;;;;;;;
TCGA-BH-A0HI;LumA;;;;;;;;;
TCGA-BH-A0HO;LumA;;;;;;;;;
TCGA-BH-A0HX;LumA;;;;;;;;;
TCGA-BH-A0W5;LumA;;;;;;;;;
TCGA-BH-A0W7;LumA;;;;;;;;;
TCGA-BH-A18F;LumA;;;;;;;;;
TCGA-BH-A18H;LumA;;;;;;;;;
TCGA-BH-A18I;LumA;;;;;;;;;
TCGA-BH-A18J;LumA;;;;;;;;;
TCGA-BH-A18N;LumA;;;;;;;;;
TCGA-BH-A1ES;LumA;;;;;;;;;
TCGA-BH-A1ET;LumA;;;;;;;;;
TCGA-BH-A1EW;LumA;;;;;;;;;
TCGA-BH-A1EX;LumA;;;;;;;;;
TCGA-BH-A1EY;LumA;;;;;;;;;
TCGA-BH-A1F5;LumA;;;;;;;;;
TCGA-BH-A1FE;LumA;;;;;;;;;
TCGA-BH-A1FG;LumA;;;;;;;;;
TCGA-BH-A1FH;LumA;;;;;;;;;
TCGA-BH-A1FR;LumA;;;;;;;;;
TCGA-BH-A201;LumA;;;;;;;;;
TCGA-BH-A42V;LumA;;;;;;;;;
TCGA-C8-A12N;LumA;;;;;;;;;
TCGA-C8-A12O;LumA;;;;;;;;;
TCGA-C8-A12Y;LumA;;;;;;;;;
TCGA-C8-A132;LumA;;;;;;;;;
TCGA-C8-A1HE;LumA;;;;;;;;;
TCGA-C8-A1HI;LumA;;;;;;;;;
TCGA-C8-A1HO;LumA;;;;;;;;;
TCGA-D8-A140;LumA;;;;;;;;;
TCGA-D8-A141;LumA;;;;;;;;;
TCGA-D8-A145;LumA;;;;;;;;;
TCGA-D8-A146;LumA;;;;;;;;;
TCGA-D8-A1JH;LumA;;;;;;;;;
TCGA-D8-A1JP;LumA;;;;;;;;;
TCGA-D8-A1X9;LumA;;;;;;;;;
TCGA-D8-A1XB;LumA;;;;;;;;;
TCGA-D8-A1XG;LumA;;;;;;;;;
TCGA-D8-A1XU;LumA;;;;;;;;;
TCGA-D8-A1XY;LumA;;;;;;;;;
TCGA-D8-A27L;LumA;;;;;;;;;
TCGA-D8-A27P;LumA;;;;;;;;;
TCGA-E2-A105;LumA;;;;;;;;;
TCGA-E2-A10A;LumA;;;;;;;;;
TCGA-E2-A10B;LumA;;;;;;;;;
TCGA-E2-A10E;LumA;;;;;;;;;
TCGA-E2-A14Q;LumA;;;;;;;;;
TCGA-E2-A154;LumA;;;;;;;;;
TCGA-E2-A156;LumA;;;;;;;;;
TCGA-E2-A15C;LumA;;;;;;;;;
TCGA-E2-A15D;LumA;;;;;;;;;
TCGA-E2-A15E;LumA;;;;;;;;;
TCGA-E2-A15F;LumA;;;;;;;;;
TCGA-E2-A15H;LumA;;;;;;;;;
TCGA-E2-A15O;LumA;;;;;;;;;
TCGA-E2-A1B4;LumA;;;;;;;;;
TCGA-E2-A1BD;LumA;;;;;;;;;
TCGA-E2-A1IE;LumA;;;;;;;;;
TCGA-E2-A1IF;LumA;;;;;;;;;
TCGA-E2-A1IG;LumA;;;;;;;;;
TCGA-E2-A1IN;LumA;;;;;;;;;
TCGA-E2-A1IO;LumA;;;;;;;;;
TCGA-E2-A1IU;LumA;;;;;;;;;
TCGA-E2-A1L9;LumA;;;;;;;;;
TCGA-E2-A1LA;LumA;;;;;;;;;
TCGA-E2-A570;LumA;;;;;;;;;
TCGA-E9-A1N3;LumA;;;;;;;;;
TCGA-E9-A1N4;LumA;;;;;;;;;
TCGA-E9-A1N5;LumA;;;;;;;;;
TCGA-E9-A1NE;LumA;;;;;;;;;
TCGA-E9-A1NG;LumA;;;;;;;;;
TCGA-E9-A1NH;LumA;;;;;;;;;
TCGA-E9-A1QZ;LumA;;;;;;;;;
TCGA-E9-A1R0;LumA;;;;;;;;;
TCGA-E9-A1R2;LumA;;;;;;;;;
TCGA-E9-A1R3;LumA;;;;;;;;;
TCGA-E9-A1R5;LumA;;;;;;;;;
TCGA-E9-A1R6;LumA;;;;;;;;;
TCGA-E9-A1RC;LumA;;;;;;;;;
TCGA-E9-A1RD;LumA;;;;;;;;;
TCGA-E9-A1RI;LumA;;;;;;;;;
TCGA-E9-A227;LumA;;;;;;;;;
TCGA-E9-A229;LumA;;;;;;;;;
TCGA-E9-A22B;LumA;;;;;;;;;
TCGA-E9-A24A;LumA;;;;;;;;;
TCGA-E9-A3Q9;LumA;;;;;;;;;
TCGA-E9-A3X8;LumA;;;;;;;;;
TCGA-E9-A5UP;LumA;;;;;;;;;
TCGA-EW-A1J1;LumA;;;;;;;;;
TCGA-EW-A1P3;LumA;;;;;;;;;
TCGA-EW-A1P5;LumA;;;;;;;;;
TCGA-EW-A1P6;LumA;;;;;;;;;
TCGA-EW-A1PA;LumA;;;;;;;;;
TCGA-EW-A1PD;LumA;;;;;;;;;
TCGA-EW-A2FS;LumA;;;;;;;;;
TCGA-EW-A423;LumA;;;;;;;;;
TCGA-GI-A2C8;LumA;;;;;;;;;
TCGA-GM-A2D9;LumA;;;;;;;;;
TCGA-GM-A2DA;LumA;;;;;;;;;
TCGA-GM-A2DC;LumA;;;;;;;;;
TCGA-GM-A2DI;LumA;;;;;;;;;
TCGA-GM-A2DK;LumA;;;;;;;;;
TCGA-GM-A2DL;LumA;;;;;;;;;
TCGA-GM-A2DN;LumA;;;;;;;;;
TCGA-LL-A50Y;LumA;;;;;;;;;
TCGA-LL-A5YL;LumA;;;;;;;;;
TCGA-LL-A5YN;LumA;;;;;;;;;
TCGA-OL-A66J;LumA;;;;;;;;;
TCGA-A1-A0SE;LumA;;;;;;;;;
TCGA-A2-A0CK;LumA;;;;;;;;;
TCGA-A2-A0CO;LumA;;;;;;;;;
TCGA-A2-A0EN;LumA;;;;;;;;;
TCGA-A2-A0EP;LumA;;;;;;;;;
TCGA-A2-A0EX;LumA;;;;;;;;;
TCGA-A2-A0SY;LumA;;;;;;;;;
TCGA-A2-A0T4;LumA;;;;;;;;;
TCGA-A2-A0T6;LumA;;;;;;;;;
TCGA-A2-A0YD;LumA;;;;;;;;;
TCGA-A2-A0YL;LumA;;;;;;;;;
TCGA-A2-A1FV;LumA;;;;;;;;;
TCGA-A2-A25D;LumA;;;;;;;;;
TCGA-A2-A3KC;LumA;;;;;;;;;
TCGA-A2-A4RW;LumA;;;;;;;;;
TCGA-A2-A4S2;LumA;;;;;;;;;
TCGA-A7-A0CG;LumA;;;;;;;;;
TCGA-A7-A26E;LumA;;;;;;;;;
TCGA-A7-A3IZ;LumA;;;;;;;;;
TCGA-A7-A3J1;LumA;;;;;;;;;
TCGA-A7-A426;LumA;;;;;;;;;
TCGA-A7-A4SA;LumA;;;;;;;;;
TCGA-A7-A4SB;LumA;;;;;;;;;
TCGA-A7-A5ZX;LumA;;;;;;;;;
TCGA-A8-A0A1;LumA;;;;;;;;;
TCGA-A8-A0A2;LumA;;;;;;;;;
TCGA-A8-A0A4;LumA;;;;;;;;;
TCGA-AC-A23G;LumA;;;;;;;;;
TCGA-AC-A2B8;LumA;;;;;;;;;
TCGA-AC-A2FB;LumA;;;;;;;;;
TCGA-AC-A2FE;LumA;;;;;;;;;
TCGA-AC-A2FF;LumA;;;;;;;;;
TCGA-AC-A2FG;LumA;;;;;;;;;
TCGA-AC-A2FO;LumA;;;;;;;;;
TCGA-AC-A2QI;LumA;;;;;;;;;
TCGA-AC-A3BB;LumA;;;;;;;;;
TCGA-AC-A3EH;LumA;;;;;;;;;
TCGA-AC-A3HN;LumA;;;;;;;;;
TCGA-AC-A3OD;LumA;;;;;;;;;
TCGA-AC-A3QP;LumA;;;;;;;;;
TCGA-AC-A3TN;LumA;;;;;;;;;
TCGA-AC-A3W6;LumA;;;;;;;;;
TCGA-AC-A5XS;LumA;;;;;;;;;
TCGA-AR-A1AK;LumA;;;;;;;;;
TCGA-AR-A1AL;LumA;;;;;;;;;
TCGA-AR-A1AM;LumA;;;;;;;;;
TCGA-AR-A24T;LumA;;;;;;;;;
TCGA-AR-A2LE;LumA;;;;;;;;;
TCGA-AR-A2LJ;LumA;;;;;;;;;
TCGA-AR-A2LM;LumA;;;;;;;;;
TCGA-AR-A2LN;LumA;;;;;;;;;
TCGA-AR-A2LO;LumA;;;;;;;;;
TCGA-B6-A0IE;LumA;;;;;;;;;
TCGA-B6-A0IH;LumA;;;;;;;;;
TCGA-B6-A0IP;LumA;;;;;;;;;
TCGA-B6-A0RV;LumA;;;;;;;;;
TCGA-B6-A0X7;LumA;;;;;;;;;
TCGA-B6-A2IU;LumA;;;;;;;;;
TCGA-BH-A0B5;LumA;;;;;;;;;
TCGA-BH-A0BA;LumA;;;;;;;;;
TCGA-BH-A0C1;LumA;;;;;;;;;
TCGA-BH-A0DP;LumA;;;;;;;;;
TCGA-BH-A0E9;LumA;;;;;;;;;
TCGA-BH-A0HK;LumA;;;;;;;;;
TCGA-BH-A0HP;LumA;;;;;;;;;
TCGA-BH-A1EO;LumA;;;;;;;;;
TCGA-C8-A3M7;LumA;;;;;;;;;
TCGA-D8-A1JN;LumA;;;;;;;;;
TCGA-D8-A1X8;LumA;;;;;;;;;
TCGA-D8-A1XO;LumA;;;;;;;;;
TCGA-D8-A27G;LumA;;;;;;;;;
TCGA-D8-A27I;LumA;;;;;;;;;
TCGA-D8-A27T;LumA;;;;;;;;;
TCGA-D8-A27V;LumA;;;;;;;;;
TCGA-D8-A3Z5;LumA;;;;;;;;;
TCGA-D8-A3Z6;LumA;;;;;;;;;
TCGA-D8-A4Z1;LumA;;;;;;;;;
TCGA-E2-A107;LumA;;;;;;;;;
TCGA-E2-A10F;LumA;;;;;;;;;
TCGA-E2-A14U;LumA;;;;;;;;;
TCGA-E2-A15L;LumA;;;;;;;;;
TCGA-E2-A15M;LumA;;;;;;;;;
TCGA-E2-A1B5;LumA;;;;;;;;;
TCGA-E2-A1IH;LumA;;;;;;;;;
TCGA-E2-A1IJ;LumA;;;;;;;;;
TCGA-E2-A1IL;LumA;;;;;;;;;
TCGA-E2-A1L8;LumA;;;;;;;;;
TCGA-E2-A2P5;LumA;;;;;;;;;
TCGA-E2-A2P6;LumA;;;;;;;;;
TCGA-E2-A3DX;LumA;;;;;;;;;
TCGA-E9-A295;LumA;;;;;;;;;
TCGA-E9-A2JT;LumA;;;;;;;;;
TCGA-EW-A1IW;LumA;;;;;;;;;
TCGA-EW-A1J2;LumA;;;;;;;;;
TCGA-EW-A3E8;LumA;;;;;;;;;
TCGA-GM-A3NW;LumA;;;;;;;;;
TCGA-GM-A3NY;LumA;;;;;;;;;
TCGA-GM-A3XG;LumA;;;;;;;;;
TCGA-GM-A3XN;LumA;;;;;;;;;
TCGA-GM-A4E0;LumA;;;;;;;;;
TCGA-LL-A440;LumA;;;;;;;;;
TCGA-LQ-A4E4;LumA;;;;;;;;;
TCGA-MS-A51U;LumA;;;;;;;;;
TCGA-OL-A66K;LumA;;;;;;;;;
TCGA-A1-A0SH;LumA;;;;;;;;;
TCGA-A2-A0CR;LumA;;;;;;;;;
TCGA-A2-A0CT;LumA;;;;;;;;;
TCGA-A2-A0ES;LumA;;;;;;;;;
TCGA-A2-A0YI;LumA;;;;;;;;;
TCGA-A7-A13H;LumA;;;;;;;;;
TCGA-A7-A26H;LumA;;;;;;;;;
TCGA-A8-A06P;LumA;;;;;;;;;
TCGA-A8-A07B;LumA;;;;;;;;;
TCGA-A8-A07E;LumA;;;;;;;;;
TCGA-A8-A07F;LumA;;;;;;;;;
TCGA-A8-A07G;LumA;;;;;;;;;
TCGA-A8-A07J;LumA;;;;;;;;;
TCGA-A8-A08Z;LumA;;;;;;;;;
TCGA-A8-A090;LumA;;;;;;;;;
TCGA-A8-A097;LumA;;;;;;;;;
TCGA-A8-A099;LumA;;;;;;;;;
TCGA-AC-A2FM;LumA;;;;;;;;;
TCGA-AC-A3W7;LumA;;;;;;;;;
TCGA-AC-A62Y;LumA;;;;;;;;;
TCGA-AN-A0FN;LumA;;;;;;;;;
TCGA-AN-A0FS;LumA;;;;;;;;;
TCGA-AQ-A0Y5;LumA;;;;;;;;;
TCGA-AR-A24O;LumA;;;;;;;;;
TCGA-B6-A0RN;LumA;;;;;;;;;
TCGA-B6-A0RP;LumA;;;;;;;;;
TCGA-BH-A0B0;LumA;;;;;;;;;
TCGA-BH-A0B4;LumA;;;;;;;;;
TCGA-BH-A0BC;LumA;;;;;;;;;
TCGA-BH-A0BM;LumA;;;;;;;;;
TCGA-BH-A0BO;LumA;;;;;;;;;
TCGA-BH-A0DE;LumA;;;;;;;;;
TCGA-BH-A0DI;LumA;;;;;;;;;
TCGA-BH-A0DV;LumA;;;;;;;;;
TCGA-BH-A0H5;LumA;;;;;;;;;
TCGA-BH-A1EU;LumA;;;;;;;;;
TCGA-BH-A1FL;LumA;;;;;;;;;
TCGA-BH-A28Q;LumA;;;;;;;;;
TCGA-D8-A1JB;LumA;;;;;;;;;
TCGA-D8-A1JU;LumA;;;;;;;;;
TCGA-D8-A1XA;LumA;;;;;;;;;
TCGA-D8-A1XM;LumA;;;;;;;;;
TCGA-D8-A1Y0;LumA;;;;;;;;;
TCGA-D8-A27K;LumA;;;;;;;;;
TCGA-E2-A14Z;LumA;;;;;;;;;
TCGA-E2-A15G;LumA;;;;;;;;;
TCGA-E2-A15P;LumA;;;;;;;;;
TCGA-E2-A15R;LumA;;;;;;;;;
TCGA-E2-A1BC;LumA;;;;;;;;;
TCGA-E9-A1RF;LumA;;;;;;;;;
TCGA-E9-A245;LumA;;;;;;;;;
TCGA-E9-A247;LumA;;;;;;;;;
TCGA-EW-A1IX;LumA;;;;;;;;;
TCGA-EW-A1J3;LumA;;;;;;;;;
TCGA-A2-A04N;LumA;;;;;;;;;
TCGA-A2-A0EM;LumA;;;;;;;;;
TCGA-A2-A0ER;LumA;;;;;;;;;
TCGA-A2-A0EW;LumA;;;;;;;;;
TCGA-A2-A3KD;LumA;;;;;;;;;
TCGA-A2-A4S0;LumA;;;;;;;;;
TCGA-A7-A3IY;LumA;;;;;;;;;
TCGA-A7-A3J0;LumA;;;;;;;;;
TCGA-A7-A3RF;LumA;;;;;;;;;
TCGA-A7-A425;LumA;;;;;;;;;
TCGA-A7-A5ZW;LumA;;;;;;;;;
TCGA-A8-A083;LumA;;;;;;;;;
TCGA-A8-A09T;LumA;;;;;;;;;
TCGA-A8-A0AD;LumA;;;;;;;;;
TCGA-AC-A23E;LumA;;;;;;;;;
TCGA-AN-A0FT;LumA;;;;;;;;;
TCGA-AN-A0FW;LumA;;;;;;;;;
TCGA-AR-A1AP;LumA;;;;;;;;;
TCGA-B6-A0IC;LumA;;;;;;;;;
TCGA-B6-A0X0;LumA;;;;;;;;;
TCGA-BH-A0DH;LumA;;;;;;;;;
TCGA-BH-A0E7;LumA;;;;;;;;;
TCGA-BH-A0H6;LumA;;;;;;;;;
TCGA-BH-A0W4;LumA;;;;;;;;;
TCGA-BH-A18M;LumA;;;;;;;;;
TCGA-BH-A18S;LumA;;;;;;;;;
TCGA-C8-A12X;LumA;;;;;;;;;
TCGA-C8-A133;LumA;;;;;;;;;
TCGA-C8-A26Z;LumA;;;;;;;;;
TCGA-C8-A273;LumA;;;;;;;;;
TCGA-D8-A1JS;LumA;;;;;;;;;
TCGA-D8-A1XC;LumA;;;;;;;;;
TCGA-D8-A1XV;LumA;;;;;;;;;
TCGA-D8-A27E;LumA;;;;;;;;;
TCGA-E2-A14T;LumA;;;;;;;;;
TCGA-E2-A153;LumA;;;;;;;;;
TCGA-E2-A15I;LumA;;;;;;;;;
TCGA-E2-A1B1;LumA;;;;;;;;;
TCGA-E2-A1IK;LumA;;;;;;;;;
TCGA-E2-A1L6;LumA;;;;;;;;;
TCGA-EW-A1PE;LumA;;;;;;;;;
TCGA-EW-A2FV;LumA;;;;;;;;;
TCGA-GM-A2DM;LumA;;;;;;;;;
TCGA-JL-A3YX;LumA;;;;;;;;;
TCGA-OL-A66H;LumA;;;;;;;;;
TCGA-BH-A0BZ;LumB;;;;;;;;;
TCGA-A1-A0SI;LumB;;;;;;;;;
TCGA-A1-A0SN;LumB;;;;;;;;;
TCGA-A2-A04R;LumB;;;;;;;;;
TCGA-A2-A0CW;LumB;;;;;;;;;
TCGA-A2-A0D4;LumB;;;;;;;;;
TCGA-A2-A0EY;LumB;;;;;;;;;
TCGA-A2-A0SV;LumB;;;;;;;;;
TCGA-A2-A0SW;LumB;;;;;;;;;
TCGA-A2-A0YG;LumB;;;;;;;;;
TCGA-A2-A0YH;LumB;;;;;;;;;
TCGA-A2-A0YT;LumB;;;;;;;;;
TCGA-A2-A1G4;LumB;;;;;;;;;
TCGA-A2-A25B;LumB;;;;;;;;;
TCGA-A2-A25C;LumB;;;;;;;;;
TCGA-A2-A4S3;LumB;;;;;;;;;
TCGA-A7-A0CJ;LumB;;;;;;;;;
TCGA-A7-A2KD;LumB;;;;;;;;;
TCGA-A8-A06N;LumB;;;;;;;;;
TCGA-A8-A06O;LumB;;;;;;;;;
TCGA-A8-A06Q;LumB;;;;;;;;;
TCGA-A8-A06R;LumB;;;;;;;;;
TCGA-A8-A06Z;LumB;;;;;;;;;
TCGA-A8-A075;LumB;;;;;;;;;
TCGA-A8-A076;LumB;;;;;;;;;
TCGA-A8-A079;LumB;;;;;;;;;
TCGA-A8-A07W;LumB;;;;;;;;;
TCGA-A8-A081;LumB;;;;;;;;;
TCGA-A8-A08G;LumB;;;;;;;;;
TCGA-A8-A08I;LumB;;;;;;;;;
TCGA-A8-A08S;LumB;;;;;;;;;
TCGA-A8-A092;LumB;;;;;;;;;
TCGA-A8-A095;LumB;;;;;;;;;
TCGA-A8-A096;LumB;;;;;;;;;
TCGA-A8-A09I;LumB;;;;;;;;;
TCGA-A8-A09N;LumB;;;;;;;;;
TCGA-A8-A09Q;LumB;;;;;;;;;
TCGA-AC-A2BM;LumB;;;;;;;;;
TCGA-AN-A0AJ;LumB;;;;;;;;;
TCGA-AN-A0AK;LumB;;;;;;;;;
TCGA-AN-A0AM;LumB;;;;;;;;;
TCGA-AN-A0FF;LumB;;;;;;;;;
TCGA-AN-A0FY;LumB;;;;;;;;;
TCGA-AO-A1KP;LumB;;;;;;;;;
TCGA-AO-A1KT;LumB;;;;;;;;;
TCGA-AQ-A54O;LumB;;;;;;;;;
TCGA-AR-A0TY;LumB;;;;;;;;;
TCGA-AR-A0U2;LumB;;;;;;;;;
TCGA-AR-A24K;LumB;;;;;;;;;
TCGA-AR-A24N;LumB;;;;;;;;;
TCGA-AR-A24R;LumB;;;;;;;;;
TCGA-AR-A24S;LumB;;;;;;;;;
TCGA-B6-A0IB;LumB;;;;;;;;;
TCGA-B6-A0IN;LumB;;;;;;;;;
TCGA-B6-A0WV;LumB;;;;;;;;;
TCGA-B6-A0WW;LumB;;;;;;;;;
TCGA-B6-A0X5;LumB;;;;;;;;;
TCGA-B6-A1KC;LumB;;;;;;;;;
TCGA-B6-A1KN;LumB;;;;;;;;;
TCGA-BH-A0AU;LumB;;;;;;;;;
TCGA-BH-A0BD;LumB;;;;;;;;;
TCGA-BH-A0BF;LumB;;;;;;;;;
TCGA-BH-A0C0;LumB;;;;;;;;;
TCGA-BH-A0C7;LumB;;;;;;;;;
TCGA-BH-A0DD;LumB;;;;;;;;;
TCGA-BH-A0H0;LumB;;;;;;;;;
TCGA-BH-A0HU;LumB;;;;;;;;;
TCGA-BH-A0HY;LumB;;;;;;;;;
TCGA-BH-A0W3;LumB;;;;;;;;;
TCGA-BH-A18U;LumB;;;;;;;;;
TCGA-BH-A1F2;LumB;;;;;;;;;
TCGA-BH-A1F8;LumB;;;;;;;;;
TCGA-BH-A1FM;LumB;;;;;;;;;
TCGA-BH-A1FN;LumB;;;;;;;;;
TCGA-BH-A202;LumB;;;;;;;;;
TCGA-BH-A204;LumB;;;;;;;;;
TCGA-C8-A12M;LumB;;;;;;;;;
TCGA-C8-A12U;LumB;;;;;;;;;
TCGA-C8-A1HG;LumB;;;;;;;;;
TCGA-C8-A1HM;LumB;;;;;;;;;
TCGA-C8-A1HN;LumB;;;;;;;;;
TCGA-C8-A26V;LumB;;;;;;;;;
TCGA-C8-A26W;LumB;;;;;;;;;
TCGA-C8-A27A;LumB;;;;;;;;;
TCGA-C8-A3M8;LumB;;;;;;;;;
TCGA-D8-A13Y;LumB;;;;;;;;;
TCGA-D8-A1J8;LumB;;;;;;;;;
TCGA-D8-A1J9;LumB;;;;;;;;;
TCGA-D8-A1JC;LumB;;;;;;;;;
TCGA-D8-A1JD;LumB;;;;;;;;;
TCGA-D8-A1JE;LumB;;;;;;;;;
TCGA-D8-A1JI;LumB;;;;;;;;;
TCGA-D8-A1XF;LumB;;;;;;;;;
TCGA-D8-A1XL;LumB;;;;;;;;;
TCGA-D8-A1XR;LumB;;;;;;;;;
TCGA-D8-A1XS;LumB;;;;;;;;;
TCGA-D8-A1XZ;LumB;;;;;;;;;
TCGA-D8-A1Y1;LumB;;;;;;;;;
TCGA-D8-A1Y2;LumB;;;;;;;;;
TCGA-D8-A1Y3;LumB;;;;;;;;;
TCGA-D8-A27N;LumB;;;;;;;;;
TCGA-D8-A27R;LumB;;;;;;;;;
TCGA-E2-A109;LumB;;;;;;;;;
TCGA-E2-A10C;LumB;;;;;;;;;
TCGA-E2-A14O;LumB;;;;;;;;;
TCGA-E2-A14S;LumB;;;;;;;;;
TCGA-E2-A14W;LumB;;;;;;;;;
TCGA-E2-A15K;LumB;;;;;;;;;
TCGA-E2-A1L7;LumB;;;;;;;;;
TCGA-E2-A56Z;LumB;;;;;;;;;
TCGA-E9-A1NA;LumB;;;;;;;;;
TCGA-E9-A1NF;LumB;;;;;;;;;
TCGA-E9-A1NI;LumB;;;;;;;;;
TCGA-E9-A1R7;LumB;;;;;;;;;
TCGA-E9-A1RE;LumB;;;;;;;;;
TCGA-E9-A226;LumB;;;;;;;;;
TCGA-E9-A22A;LumB;;;;;;;;;
TCGA-E9-A22D;LumB;;;;;;;;;
TCGA-E9-A22H;LumB;;;;;;;;;
TCGA-E9-A249;LumB;;;;;;;;;
TCGA-EW-A1IY;LumB;;;;;;;;;
TCGA-EW-A1J6;LumB;;;;;;;;;
TCGA-EW-A1OY;LumB;;;;;;;;;
TCGA-EW-A1OZ;LumB;;;;;;;;;
TCGA-EW-A1PC;LumB;;;;;;;;;
TCGA-LL-A5YM;LumB;;;;;;;;;
TCGA-A8-A09Z;LumB;;;;;;;;;
TCGA-AR-A24H;LumB;;;;;;;;;
TCGA-AR-A2LK;LumB;;;;;;;;;
TCGA-BH-A0C3;LumB;;;;;;;;;
TCGA-BH-A209;LumB;;;;;;;;;
TCGA-E9-A2JS;LumB;;;;;;;;;
TCGA-A2-A0T3;LumB;;;;;;;;;
TCGA-A2-A25E;LumB;;;;;;;;;
TCGA-A7-A13F;LumB;;;;;;;;;
TCGA-A8-A07L;LumB;;;;;;;;;
TCGA-A8-A084;LumB;;;;;;;;;
TCGA-A8-A085;LumB;;;;;;;;;
TCGA-A8-A09C;LumB;;;;;;;;;
TCGA-A8-A09M;LumB;;;;;;;;;
TCGA-A8-A09R;LumB;;;;;;;;;
TCGA-AO-A1KS;LumB;;;;;;;;;
TCGA-AQ-A04H;LumB;;;;;;;;;
TCGA-BH-A18L;LumB;;;;;;;;;
TCGA-BH-A42T;LumB;;;;;;;;;
TCGA-C8-A130;LumB;;;;;;;;;
TCGA-C8-A274;LumB;;;;;;;;;
TCGA-D8-A1JJ;LumB;;;;;;;;;
TCGA-D8-A1X5;LumB;;;;;;;;;
TCGA-D8-A1X6;LumB;;;;;;;;;
TCGA-E2-A155;LumB;;;;;;;;;
TCGA-E9-A1R4;LumB;;;;;;;;;
TCGA-E9-A22E;LumB;;;;;;;;;
TCGA-GM-A2DO;LumB;;;;;;;;;
TCGA-A2-A04Y;LumB;;;;;;;;;
TCGA-A2-A1FW;LumB;;;;;;;;;
TCGA-A2-A1FX;LumB;;;;;;;;;
TCGA-A8-A082;LumB;;;;;;;;;
TCGA-AR-A1AW;LumB;;;;;;;;;
TCGA-BH-A0HW;LumB;;;;;;;;;
TCGA-BH-A1FJ;LumB;;;;;;;;;
TCGA-C8-A12W;LumB;;;;;;;;;
TCGA-C8-A1HL;LumB;;;;;;;;;
TCGA-D8-A1JT;LumB;;;;;;;;;
TCGA-D8-A1X7;LumB;;;;;;;;;
TCGA-D8-A27W;LumB;;;;;;;;;
TCGA-E2-A15A;LumB;;;;;;;;;
TCGA-E2-A15S;LumB;;;;;;;;;
TCGA-E2-A15T;LumB;;;;;;;;;
TCGA-E9-A1RB;LumB;;;;;;;;;
TCGA-E9-A228;LumB;;;;;;;;;
TCGA-E9-A54X;LumB;;;;;;;;;
TCGA-E9-A5UO;LumB;;;;;;;;;
TCGA-EW-A1OX;LumB;;;;;;;;;
TCGA-EW-A1P0;LumB;;;;;;;;;
TCGA-EW-A2FW;LumB;;;;;;;;;
TCGA-A2-A0CL;Normal;;;;;;;;;
TCGA-A2-A1G6;Normal;;;;;;;;;
TCGA-A2-A3XW;Normal;;;;;;;;;
TCGA-A8-A08H;Normal;;;;;;;;;
TCGA-BH-A208;Normal;;;;;;;;;
TCGA-D8-A1XW;Normal;;;;;;;;;
TCGA-EW-A1P7;Normal;;;;;;;;;
TCGA-GM-A2DD;Normal;;;;;;;;;
TCGA-LL-A441;Normal;;;;;;;;;
TCGA-A2-A0YK;Normal;;;;;;;;;
TCGA-A2-A25A;Normal;;;;;;;;;
TCGA-A2-A4RY;Normal;;;;;;;;;
TCGA-AC-A2FK;Normal;;;;;;;;;
TCGA-AC-A3YI;Normal;;;;;;;;;
TCGA-AO-A1KO;Normal;;;;;;;;;
TCGA-AR-A2LH;Normal;;;;;;;;;
TCGA-AR-A2LQ;Normal;;;;;;;;;
TCGA-B6-A0RQ;Normal;;;;;;;;;
TCGA-BH-A28O;Normal;;;;;;;;;
TCGA-BH-A42U;Normal;;;;;;;;;
TCGA-EW-A1PG;Normal;;;;;;;;;
TCGA-A1-A0SB;Normal;;;;;;;;;
TCGA-AR-A1AO;Normal;;;;;;;;;
TCGA-BH-A1FU;Normal;;;;;;;;;
TCGA-E2-A108;Normal;;;;;;;;;